{
    "carts" : {
        "etype" : "SERVICE",
        "name" : "Carts Service",
        "owner" : "TBD",
        "environments" : {
            "Staging" : {
                "tags" : [
                    {
                        "context" : "CONTEXTLESS",
                        "key" : "environment",
                        "value" : "staging"
                    },
                    {
                        "context" : "CONTEXTLESS",
                        "key" : "service",
                        "value" : "carts"
                    }
                ]
            }
        }
    }
}

