{
    "timeseries" : [
        {
            "timeseriesId" : "com.dynatrace.builtin:service.responsetime",
            "aggregation" : "avg",
            "tags" : "service:carts,environment:dev",
            "upperLimit" : 800.0,
            "lowerLimit" : 600.0
        },
        {
            "timeseriesId" : "com.dynatrace.builtin:service.failurerate",
            "aggregation" : "avg",
            "tags" : "service:carts,environment:dev",
            "upperLimit" : 5.0,
            "lowerLimit" : 0.0
        }
    ]
}
