{
    "carts" : {
        "etype": "SERVICE",
        "name": "carts",
        "owner" : "carts-team",
        "environments" : { 
            "Dev" : {
                "tags" : [
                    {
                        "context": "CONTEXTLESS",
                        "key": "DeploymentGroup", 
                        "value": "Dev"
                    }                
                ]
            },
            "Staging" : {
                "tags" : [
                    {
                        "context": "CONTEXTLESS",
                        "key": "DeploymentGroup", 
                        "value": "Staging"
                    }                
                ]
            },
            "Production" : {
                "tags" : [
                    {
                        "context": "CONTEXTLESS",
                        "key": "DeploymentGroup", 
                        "value": "Production"
                    }                
                ]                
            },            
            "Production-blue" : {
                "tags" : [
                    {
                        "context": "CONTEXTLESS",
                        "key": "DeploymentColor", 
                        "value": "blue"
                    }                
                ]                
            },
            "Production-green" : {
                "tags" : [
                    {
                        "context": "CONTEXTLESS",
                        "key": "DeploymentColor", 
                        "value": "green"
                    }                
                ]                
            }            
        },
        "comparisons" : [
            { 
                "name" : "StagingToProduction",
                "source" : "Staging",
                "compare" : "Production",
                "scalefactorperc" : {
                    "default": 100,
                    "com.dynatrace.builtin:service.requestspermin" : 99
                },
                "shiftcomparetimeframe" : 2,
                "shiftsourcetimeframe" : 2
            },
            { 
                "name" : "StagingToProductionYesterday",
                "source" : "Staging",
                "compare" : "Production",
                "scalefactorperc" : {
                    "default": 15,
                    "com.dynatrace.builtin:service.requestspermin" : 90
                },
                "shiftsourcetimeframe" : 2,
                "shiftcomparetimeframe" : 1440
            },
            { 
                "name" : "DevToDevLastHour",
                "source" : "Dev",
                "compare" : "Dev",
                "scalefactorperc" : { "default": 10},
                "shiftsourcetimeframe" : 2,
                "shiftcomparetimeframe" : 60
            },
            { 
                "name" : "StagingToStagingLastHour",
                "source" : "Staging",
                "compare" : "Staging",
                "scalefactorperc" : { "default": 10},
                "shiftsourcetimeframe" : 2,
                "shiftcomparetimeframe" : 60
            },
            { 
                "name" : "ProductionToProductionLast5m",
                "source" : "Production",
                "compare" : "Production",
                "scalefactorperc" : { "default": 20, "com.dynatrace.builtin:service.requestspermin" : 30},
                "shiftsourcetimeframe" : 2,
                "shiftcomparetimeframe" : 10
            },
            { 
                "name" : "Production-greenToProduction-blueLast5m",
                "source" : "Production-green",
                "compare" : "Production-blue",
                "scalefactorperc" : { "default": 20, "com.dynatrace.builtin:service.requestspermin" : 100},
                "shiftsourcetimeframe" : 2,
                "shiftcomparetimeframe" : 10
            },
            { 
                "name" : "Production-blueToProduction-greenLast5m",
                "source" : "Production-blue",
                "compare" : "Production-green",
                "scalefactorperc" : { "default": 20, "com.dynatrace.builtin:service.requestspermin" : 100},
                "shiftsourcetimeframe" : 2,
                "shiftcomparetimeframe" : 10
            }              
        ],
        "perfsignature" : [
            { 
                "timeseries" : "com.dynatrace.builtin:service.responsetime",
                "aggregate" : "avg",
                "validate" : "upper",
                "upperlimit" : 1200000
            },
            { 
                "timeseries" : "com.dynatrace.builtin:service.responsetime",
                "aggregate" : "p90",
                "upperlimit" : 1400000
            },
            { 
                "timeseries" : "com.dynatrace.builtin:service.failurerate",
                "aggregate" : "avg",
                "upperlimit" : 5
            },
            { 
                "timeseries" : "com.dynatrace.builtin:service.requestspermin",
                "aggregate" : "count",
                "validate" : "lower"
            },
            {
                "smartscape" : "toRelationships:calls",
                "upperlimit" : "5",
                "aggregate" : "count",
                "validate" : "lower"
            },
            {
                "smartscape" : "fromRelationships:runsOn",
                "aggregate" : "count",
                "lowerlimit": "1",
                "validate" : "lower"
            },
            {
                "smartscape" : "fromRelationships:calls",
                "aggregate" : "count",
                "lowerlimit": "1",
                "validate" : "lower"
            }
        ],
        "servicemethods" : [
            { 
                "name" : "/api/invoke",
                "perfsignature" : [
                    { 
                        "timeseries" : "com.dynatrace.builtin:servicemethod.responsetime",
                        "aggregate" : "avg"
                    },
                    { 
                        "timeseries" : "com.dynatrace.builtin:servicemethod.responsetime",
                        "aggregate" : "p90"
                    },
                    { 
                        "timeseries" : "com.dynatrace.builtin:servicemethod.failurerate",
                        "aggregate" : "avg"
                    }
                ]
            }
        ]
    }
}
