{
    "carts" : {
        "etype": "SERVICE",
        "_comment_etype" : "Options are SERVICE, APPLICATION, HOST, PROCESS_GROUP_INSTANCE",
        "name": "carts",
        "owner" : "carts-team",
        "_comment" : "This defines our initial thoughts about monitoring, maybe!",
        "environments" : { 
            "Dev" : {
                "tags" : [
                    {
                        "context": "CONTEXTLESS",
                        "key": "DeploymentGroup", 
                        "value": "Dev"
                    }                
                ]
            },
            "Staging" : {
                "tags" : [
                    {
                        "context": "CONTEXTLESS",
                        "key": "DeploymentGroup", 
                        "value": "Staging"
                    }                
                ]
            },
            "Production" : {
                "tags" : [
                    {
                        "context": "CONTEXTLESS",
                        "key": "DeploymentGroup", 
                        "value": "Production"
                    }                
                ]                
            },            
            "Production-blue" : {
                "tags" : [
                    {
                        "context": "CONTEXTLESS",
                        "key": "DeploymentColor", 
                        "value": "blue"
                    }                
                ]                
            },
            "Production-green" : {
                "tags" : [
                    {
                        "context": "CONTEXTLESS",
                        "key": "DeploymentColor", 
                        "value": "green"
                    }                
                ]                
            }            
        },
        "_comment_environments" : "Allows you to define different environments and the ways dynatrace can identify the entities in that environment",
        "comparisons" : [
            { 
                "name" : "StagingToProduction",
                "source" : "Staging",
                "compare" : "Production",
                "scalefactorperc" : {
                    "default": 100,
                    "com.dynatrace.builtin:service.requestspermin" : 99
                },
                "shiftcomparetimeframe" : 2,
                "shiftsourcetimeframe" : 2,

                "_comment_name" : "Name of that comparison setting. Needs to be specified when using this file with our automation scripts",
                "_comment_source" : "source entites. we compare timeseries from this entity with compare",
                "_comment_compare": "compare entites. basically our baseline which we compare source against",
                "_comment_scalefactorperc": "+/-(0-100)% number: if 10 it means that source can be 10% above/below than compare. you can define a default value but override it for individual measure, e.g: if Staging has 90% less traffic that prod you can define that here",
                "_comment_shiftsourcetimeframe" : "allows you to define a shifted timeframe back to NOW(). Its in seconds, e.g: 600 means we compare against 10 minutes ago",
                "_comment_shiftcomparetimeframe" : "allows you to define a shifted timeframe to NOW(). Its in seconds, e.g: 86400 means we compare against same time 1 day ago"
            },
            { 
                "name" : "StagingToProductionYesterday",
                "source" : "Staging",
                "compare" : "Production",
                "scalefactorperc" : {
                    "default": 15,
                    "com.dynatrace.builtin:service.requestspermin" : 90
                },
                "shiftsourcetimeframe" : 2,
                "shiftcomparetimeframe" : 1440
            },
            { 
                "name" : "DevToDevLastHour",
                "source" : "Dev",
                "compare" : "Dev",
                "scalefactorperc" : { "default": 10},
                "shiftsourcetimeframe" : 2,
                "shiftcomparetimeframe" : 60
            },
            { 
                "name" : "StagingToStagingLastHour",
                "source" : "Staging",
                "compare" : "Staging",
                "scalefactorperc" : { "default": 10},
                "shiftsourcetimeframe" : 2,
                "shiftcomparetimeframe" : 60
            },
            { 
                "name" : "ProductionToProductionLast5m",
                "source" : "Production",
                "compare" : "Production",
                "scalefactorperc" : { "default": 20, "com.dynatrace.builtin:service.requestspermin" : 30},
                "shiftsourcetimeframe" : 2,
                "shiftcomparetimeframe" : 10
            },
            { 
                "name" : "Production-greenToProduction-blueLast5m",
                "source" : "Production-green",
                "compare" : "Production-blue",
                "scalefactorperc" : { "default": 20, "com.dynatrace.builtin:service.requestspermin" : 100},
                "shiftsourcetimeframe" : 2,
                "shiftcomparetimeframe" : 10
            },
            { 
                "name" : "Production-blueToProduction-greenLast5m",
                "source" : "Production-blue",
                "compare" : "Production-green",
                "scalefactorperc" : { "default": 20, "com.dynatrace.builtin:service.requestspermin" : 100},
                "shiftsourcetimeframe" : 2,
                "shiftcomparetimeframe" : 10
            }              
        ],
        "_comment_comparisons" : "Allows you to define different comparison configurations which can be used to automate comparison between environments and timeframes",
        "perfsignature" : [
            { 
                "timeseries" : "com.dynatrace.builtin:service.responsetime",
                "aggregate" : "avg",
                "validate" : "upper",
                "upperlimit" : 200000,
                "_lowerlimit" : 500,
                "_comment_aggregate" : "Depending on the metric can be: min, max, avg, sum, median, count, pXX (=XX th percentile) ",
                "_comment_validate" : "Defines whether we compare the upper or lower boundary of the calculated value bandwidth. Default is upper as for most metrics (response time, failure rate) we dont want the value to exceed our upper threshold",
                "_comment_upperlimit" : "if specified we compare against this static threshold - otherwise against what is specified in comparison",
                "_comment_lowerlimit" : "if specified, we compare against this static threshold - otherwise against what is specified in comparison"
            },
            { 
                "timeseries" : "com.dynatrace.builtin:service.responsetime",
                "aggregate" : "p90",
                "upperlimit" : 400000
            },
            { 
                "timeseries" : "com.dynatrace.builtin:service.failurerate",
                "aggregate" : "avg",
                "upperlimit" : 5
            },
            { 
                "timeseries" : "com.dynatrace.builtin:service.requestspermin",
                "aggregate" : "count",
                "validate" : "lower"
            },
            {
                "smartscape" : "toRelationships:calls",
                "upperlimit" : "1",
                "aggregate" : "count",
                "validate" : "lower"
            },
            {
                "smartscape" : "fromRelationships:runsOn",
                "aggregate" : "count",
                "lowerlimit": "1",
                "validate" : "lower"
            },
            {
                "smartscape" : "fromRelationships:calls",
                "aggregate" : "count",
                "lowerlimit": "1",
                "validate" : "lower"
            }
        ],
        "_comment_perfsignature" : "this is the list of key metrics that make up your performance signature. we will then compare these metrics against the compare enviornment or a static threshold",
        "servicemethods" : [
            { 
                "name" : "/api/invoke",
                "perfsignature" : [
                    { 
                        "timeseries" : "com.dynatrace.builtin:servicemethod.responsetime",
                        "aggregate" : "avg"
                    },
                    { 
                        "timeseries" : "com.dynatrace.builtin:servicemethod.responsetime",
                        "aggregate" : "p90"
                    },
                    { 
                        "timeseries" : "com.dynatrace.builtin:servicemethod.failurerate",
                        "aggregate" : "avg"
                    }
                ]
            }
        ],
        "_comment_servicemethods" : "Allows you to define key metrics of individual service methods and not just the service itself"
    }
}
